{
    "Bleu_1": 0.3080071075295282,
    "Bleu_2": 0.2502220349949661,
    "Bleu_3": 0.21209956638062294,
    "Bleu_4": 0.18653123676253244,
    "METEOR": 0.17488111295668887,
    "ROUGE_L": 0.3204158801116747,
    "CIDEr": 1.045765024906291,
    "SPICE": 0.19541787099393412
}