{
    "Bleu_1": 0.09565536782453313,
    "Bleu_2": 0.03800509274866556,
    "Bleu_3": 0.019564409127442003,
    "Bleu_4": 0.010074336417549281,
    "METEOR": 0.09241998226537769,
    "ROUGE_L": 0.09983432051078002,
    "CIDEr": 0.020502796581749638,
    "SPICE": 0.0847275904692412
}